<?xml version="1.0" encoding="UTF-8"?>
<!DOCTYPE mapper
  PUBLIC "-//mybatis.org//DTD Mapper 3.0//EN"
  "https://mybatis.org/dtd/mybatis-3-mapper.dtd">
  <mapper namespace="kr.co.noorigun.banner.BannerDao">

  <!-- 배너사진 추가 -->
  	<insert id="addBanner" parameterType="banner">
  		INSERT INTO BANNER VALUES(BANNER_SEQ.NEXTVAL,#{imgname})
  	</insert>

<!-- 배너 전체 내림차순 조회 -->
    <select id="getList" resultType="banner">
        SELECT * FROM BANNER ORDER BY 1 DESC
    </select>
    
<!-- 여러개의 번호의 배너를 한번에 삭제 -->
    <delete id="delete" parameterType="java.util.List">
      DELETE FROM BANNER WHERE
      <foreach item="item" index="index" collection="list"
        open="NUM in (" separator="," close=")" nullable="true">
          #{item}
    </foreach>
    </delete>

  </mapper>