<?xml version="1.0" encoding="UTF-8" ?>
<!DOCTYPE mapper
  PUBLIC "-//mybatis.org//DTD Mapper 3.0//EN"
  "http://mybatis.org/dtd/mybatis-3-mapper.dtd">

<mapper namespace="kr.co.noorigun.comple.CcommDao">

<!-- 댓글 추가 -->
    <insert id="addComment" parameterType="ccvo">
        INSERT INTO ccomm (num, writer, comments, ccdate, cbnum)
        VALUES (ccomm_seq.NEXTVAL, #{writer}, #{comments}, SYSDATE, #{cbnum})
    </insert>

<!-- 댓글 내림차순 조회 -->
    <select id="listComments" parameterType="long" resultType="ccvo">
        SELECT * 
        FROM ccomm
        WHERE cbnum = #{cbnum}
        ORDER BY ccdate DESC
    </select>

<!-- 댓글 페이징 처리 -->
    <select id="pagedComments" parameterType="map" resultType="ccvo">
         SELECT *
    FROM (
        SELECT c.*, ROWNUM AS rn
        FROM (
            SELECT *
            FROM ccomm
            WHERE cbnum = #{cbnum}
            ORDER BY ccdate DESC
        ) c
        WHERE ROWNUM &lt;= #{endRow}
    )
    WHERE rn &gt; #{startRow}
    </select>

    <!-- 특정 게시글 댓글 수 조회 -->
    <select id="countCommentsByCbnum" parameterType="long" resultType="int">
        SELECT COUNT(*) 
        FROM ccomm
        WHERE cbnum = #{cbnum}
    </select>

<!-- 특정 게시글 모든 댓글 삭제 -->
    <delete id="deleteComment" parameterType="long">
        DELETE FROM ccomm
        WHERE cbnum = #{num}
    </delete>
    
<!-- 특정 댓글 삭제 -->
    <delete id="deleteCommentById" parameterType="long">
    DELETE FROM CCOMM WHERE NUM = #{num}
</delete>

</mapper>
