<?xml version="1.0" encoding="UTF-8" ?>
<!DOCTYPE mapper
  PUBLIC "-//mybatis.org//DTD Mapper 3.0//EN"
  "https://mybatis.org/dtd/mybatis-3-mapper.dtd">
<mapper namespace="kr.co.noorigun.comple.CompleBoardDao">

    <!-- 상태별 게시글이 몇개인지 카운팅 (1,10,20,30 제외)-->
    <select id="chartData" resultType="map">
        SELECT deptno, dname, (SELECT COUNT(*) FROM compleboard c WHERE c.deptno = d.deptno AND c.state = '완료') AS receipt,
        (SELECT COUNT(*) FROM compleboard c WHERE c.deptno = d.deptno AND c.state = '처리 중') AS receipting,
        (SELECT COUNT(*) FROM compleboard c WHERE c.deptno = d.deptno AND c.state = '담당부서 지정') AS designatedept,
        (SELECT COUNT(*) FROM compleboard c WHERE c.deptno = d.deptno AND c.state = '접수중') AS accepting,
        (SELECT COUNT(*) FROM compleboard c WHERE c.deptno = d.deptno) AS total
        FROM dept d WHERE NOT DEPTNO IN (1, 10, 20, 30) ORDER BY d.deptno
    </select>

    <!-- 특정 부서에 대한 상태별 게시글 수 (1,10,20,30 제외)-->
    <select id="detailChart" resultType="map">
        SELECT deptno, dname, (SELECT COUNT(*) FROM compleboard c WHERE c.deptno = d.deptno AND c.state = '완료') AS receipt,
        (SELECT COUNT(*) FROM compleboard c WHERE c.deptno = d.deptno AND c.state = '처리 중') AS receipting,
        (SELECT COUNT(*) FROM compleboard c WHERE c.deptno = d.deptno AND c.state = '담당부서 지정') AS designatedept,
        (SELECT COUNT(*) FROM compleboard c WHERE c.deptno = d.deptno AND c.state = '접수중') AS accepting,
        (SELECT COUNT(*) FROM compleboard c WHERE c.deptno = d.deptno) AS total
        FROM dept d WHERE NOT DEPTNO IN (1, 10, 20, 30) AND d.DEPTNO =#{deptno}
    </select>

    <!--  게시글 리스트 조회  -->
    <select id="getCompleBoardList" parameterType="map" resultType="compleboardVO">
        SELECT * FROM ( SELECT ROW_NUMBER() OVER (ORDER BY b.num DESC) AS rn, b.num, b.title, b.content, b.writer, b.cdate, b.state, b.private AS pri, b.hit, b.deptno FROM compleboard b
        <if test="searchType != null and searchValue != null">
            <where>
                <choose>
                    <when test="searchType == 'title'"> b.title LIKE '%' || #{searchValue} || '%' </when>
                    <when test="searchType == 'writer'"> b.writer LIKE '%' || #{searchValue} || '%' </when>
                    <when test="searchType == 'state'"> b.state LIKE '%' || #{searchValue} || '%' </when>
                    <when test="searchType == 'deptno'"> b.deptno = #{searchValue} </when>
                </choose>
            </where>
        </if>
        ) WHERE rn BETWEEN #{startRow} AND #{endRow}
    </select>

    <!--  게시글 총 개수 조회 (검색 조건 포함)  -->
    <select id="getCompleBoardTotalCount" parameterType="map" resultType="int">
        SELECT COUNT(*) FROM compleboard b
        <where>
            <if test="searchType != null and searchValue != null">
                <choose>
                    <when test="searchType == 'title'"> b.title LIKE '%' || #{searchValue} || '%' </when>
                    <when test="searchType == 'writer'"> b.writer LIKE '%' || #{searchValue} || '%' </when>
                    <when test="searchType == 'state'"> b.state LIKE '%' || #{searchValue} || '%' </when>
                    <when test="searchType == 'deptno'"> b.deptno = #{searchValue} </when>
                </choose>
            </if>
        </where>
    </select>

    <!--  게시글 총 개수 조회 (검색 조건 미포함)  -->
    <select id="getCompleBoardCount" resultType="int">
        SELECT COUNT(*) FROM compleboard b
    </select>

    <!-- 게시글 상세 조회 -->
    <select id="detail" parameterType="long" resultType="compleboardVO">
    SELECT 
        b.num,
        b.title,
        b.content,
        b.writer,
        b.cdate,
        b.state,
        b.private AS pri,
        b.hit,
        b.deptno,
        (
            SELECT LISTAGG(imgname, ',') WITHIN GROUP (ORDER BY imgname)
            FROM cb_img
            WHERE cbnum = b.num
        ) AS imgNames
    FROM compleboard b
    WHERE b.num = #{num}
    </select>

    <!-- 게시글 삭제 -->
    <delete id="deleteCompleBoard" parameterType="long">
        DELETE FROM compleboard
        WHERE num = #{num}
    </delete>

    <!-- 게시글 상태 및 부서 수정 -->
    <update id="updateCompleBoardStateAndDeptno" parameterType="compleboardVO">
        UPDATE compleboard
        SET 
            state = #{state},
            deptno = #{deptno}
        WHERE num = #{num}
    </update>
</mapper>