<?xml version="1.0" encoding="UTF-8" ?>
<!DOCTYPE mapper PUBLIC "-//mybatis.org//DTD Mapper 3.0//EN" "https://mybatis.org/dtd/mybatis-3-mapper.dtd">
<mapper namespace="kr.co.noorigun.equipmentadmin.dao.EquipmentDao">

    <!-- 게시글 추가 -->
    <insert id="add" parameterType="evo">
        INSERT INTO EQUIPMENT 
        (NUM, RNAME, STATE, CNT, RCNT, EDATE)
        VALUES (EQUIPMENT_SEQ.NEXTVAL, #{rname}, #{state}, #{cnt}, 0, SYSDATE)
    </insert>

    <!-- 이미지 추가 -->
    <insert id="addImg" parameterType="java.util.List">
        <selectKey keyProperty="eimgnum" resultType="int" order="BEFORE">
            SELECT EQUIPMENT_SEQ.CURRVAL FROM DUAL
        </selectKey>
        <foreach collection="list" item="image" separator=" " open="insert all" close="select * from dual">
            INTO EQUIPMENT_IMG (EIMGNUM, IMGNAME)
            VALUES (#{eimgnum}, #{image.imgname})
        </foreach>
    </insert>

    <!-- 게시글 목록 조회 -->
    <select id="list" resultType="evo">
        SELECT * FROM EQUIPMENT ORDER BY NUM DESC
    </select>

    <!-- 게시글 상세 조회 -->
    <select id="detail" resultType="map" parameterType="int">
        SELECT a.*, b.IMGNAME, a.RCNT AS RCNT 
        FROM EQUIPMENT a
        LEFT JOIN EQUIPMENT_IMG b ON a.NUM = b.EIMGNUM
        WHERE a.NUM = #{num}
    </select>

    <!-- 게시글 업데이트 -->
    <update id="update" parameterType="evo">
        UPDATE EQUIPMENT
        SET RNAME = #{rname}, STATE = #{state}, CNT = #{cnt}
        WHERE NUM = #{num}
    </update>

    <!-- 이미지 업데이트 -->
    <update id="updateImage" parameterType="eimgvo">
        UPDATE EQUIPMENT_IMG 
        SET IMGNAME = #{imgname} 
        WHERE EIMGNUM = #{eimgnum}
    </update>

    <!-- 비품 삭제 -->
    <delete id="delete" parameterType="int">
        DELETE FROM EQUIPMENT WHERE NUM = #{num}
    </delete>

    <!-- 이미지 삭제 -->
    <delete id="deleteChild" parameterType="int">
        DELETE FROM EQUIPMENT_IMG WHERE EIMGNUM = #{num}
    </delete>

</mapper>
