<?xml version="1.0" encoding="UTF-8" ?>
<!DOCTYPE mapper
  PUBLIC "-//mybatis.org//DTD Mapper 3.0//EN"
  "https://mybatis.org/dtd/mybatis-3-mapper.dtd">
<mapper namespace="kr.co.noorigun.faq.FaqDao">

    <!-- 게시글 추가 -->
    <insert id="add" parameterType="faq">
        <!-- 오라클의 select문과 순서가 동일해야 함 -->
        INSERT INTO FAQ VALUES(FAQ_SEQ.NEXTVAL, #{answer}, #{category}, #{title})
    </insert>

    <!-- 게시글 목록 조회 -->
    <select id="list" resultType="faq" parameterType="map">
        <!-- sql문의 값을 받을 때 -> resultType -->
        SELECT * FROM (
            SELECT f.*, ROW_NUMBER() OVER(ORDER BY f.NUM DESC) as ROW_NUM
            FROM FAQ f
        <if test="searchValue != null">
            <where>
            TITLE LIKE '%'||#{searchValue}||'%'
            </where>
        </if>
            )
        WHERE ROW_NUM BETWEEN #{begin} AND #{end}
        ORDER BY NUM DESC
    </select>

    <!-- 전체 게시글 수 -->
    <select id="counting" resultType="int" parameterType="String">
        SELECT COUNT(*) FROM FAQ
        <if test="searchValue != null">
            <where>
            TITLE LIKE '%'||#{searchValue}||'%'
            </where>
        </if>
    </select>

    <!-- 게시글 수정 -->
    <update id="update" parameterType="faq">
        UPDATE FAQ SET TITLE=#{title}, ANSWER=#{answer}, CATEGORY=#{category} WHERE NUM=#{num}
    </update>

    <!-- 게시글 삭제 -->
    <delete id="delete" parameterType="int">
        DELETE FROM FAQ WHERE NUM=#{num}
    </delete>

</mapper>



