<?xml version="1.0" encoding="UTF-8" ?>
<!DOCTYPE mapper
  PUBLIC "-//mybatis.org//DTD Mapper 3.0//EN"
  "https://mybatis.org/dtd/mybatis-3-mapper.dtd">
<mapper namespace="kr.co.noorigun.freeboard.FcommDao">

<!-- 게시글 댓글 추가 -->
  <insert id="addComment" parameterType="fco">
    INSERT INTO fcomm (num,comments,fcdate,writer,fbnum)
    VALUES (fcomm_seq.NEXTVAL, #{comments},sysdate,#{writer},#{fbnum})
  </insert>

<!-- 게시글 댓글 조회 내림차순 -->
  <select id="listComments" resultType="fco" parameterType="long">
        SELECT * 
        FROM fcomm
        WHERE fbnum = #{fbnum}
        ORDER BY fcdate DESC
  </select>

<!-- 댓글 페이징 처리 -->
  <select id="pagedComments" parameterType="map" resultType="fco">
         SELECT *
    FROM (
        SELECT f.*, ROWNUM AS rn
        FROM (
            SELECT *
            FROM fcomm
            WHERE fbnum = #{fbnum}
            ORDER BY fcdate DESC
        ) f
        WHERE ROWNUM &lt;= #{endRow}
    )
    WHERE rn &gt; #{startRow}
    </select>

<!-- 댓글 전체 개수 -->
    <select id="countCommentsByFbnum" parameterType="long" resultType="int">
        SELECT COUNT(*) 
        FROM fcomm
        WHERE fbnum = #{fbnum}
    </select>

<!-- 특정 게시글에 달린 댓글 전체 삭제 -->
    <delete id="deleteComment" parameterType="long">
        DELETE FROM fcomm
        WHERE fbnum = #{num}
    </delete>

<!-- 특정 댓글 삭제 -->
    <delete id="deleteCommentById" parameterType="long">
    DELETE FROM FCOMM WHERE NUM = #{num}
</delete>

</mapper>