<?xml version="1.0" encoding="UTF-8" ?>
<!DOCTYPE mapper
  PUBLIC "-//mybatis.org//DTD Mapper 3.0//EN"
  "https://mybatis.org/dtd/mybatis-3-mapper.dtd">
<mapper namespace="kr.co.noorigun.freeboard.FreeboardDao">

<!-- 게시글 목록 조회 -->
    <select id="list" resultType="fvo" parameterType="map">
        SELECT * 
        FROM (
            SELECT f.*, ROW_NUMBER() OVER(ORDER BY f.NUM DESC) as ROW_NUM
            FROM FREEBOARD f
        <if test="searchValue != null">
            <where>
            TITLE LIKE '%'||#{searchValue}||'%'
            </where>
        </if>
            )
        WHERE ROW_NUM BETWEEN #{begin} AND #{end}
        ORDER BY NUM DESC
    </select>

<!-- 게시글 전체 개수 -->
    <select id="counting" resultType="int" parameterType="String">
        SELECT COUNT(*) FROM FREEBOARD
        <if test="searchValue != null">
            <where>
            TITLE LIKE '%'||#{searchValue}||'%'
            </where>
        </if>
    </select>

<!-- 특정 게시글 디테일 -->
    <select id="detail" resultType="fvo" parameterType="int">
        SELECT * FROM FREEBOARD WHERE NUM=#{num}
    </select>

<!-- 특정 게시글 삭제 -->
    <delete id="delete" parameterType="int">
        DELETE FROM FREEBOARD WHERE NUM=#{num}
    </delete>
    
</mapper>
