<?xml version="1.0" encoding="UTF-8" ?>
<!DOCTYPE mapper
  PUBLIC "-//mybatis.org//DTD Mapper 3.0//EN"
  "https://mybatis.org/dtd/mybatis-3-mapper.dtd">
<mapper namespace="kr.co.noorigun.manager.ManagerDao">

  <!--
      SELECT NUM, ID, NAME, ROLE, PWD, IMGNAME, JOINEDDATE, DEPTNO FROM(
      SELECT m.NUM, m.ID, m.NAME, m.ROLE, m.PWD, m.IMGNAME, m.JOINEDDATE, m.DEPTNO, ROW_NUMBER() OVER(ORDER BY NUM DESC) AS ROW_NUM
      FROM MANAGER M
      
    )WHERE ROW_NUM BETWEEN 1 AND 10
    -->
  <select id="getManager" parameterType="map" resultType="map">
      SELECT NUM, ID, NAME, ROLE, PWD, IMGNAME, JOINEDDATE, DNAME FROM(
      SELECT m.NUM, m.ID, m.NAME, m.ROLE, m.PWD, m.IMGNAME, m.JOINEDDATE, d.DNAME, ROW_NUMBER() OVER(ORDER BY NUM DESC) AS ROW_NUM
      FROM MANAGER m, DEPT d
    <where>
      m.deptno = d.deptno
      <if test="searchValue != null">
          AND NAME LIKE '%'||#{searchValue}||'%'
      </if>
    </where>
      )WHERE ROW_NUM BETWEEN #{begin} AND #{end}
  </select>
  <select id="counting" resultType="int" parameterType="String">
    SELECT COUNT(*) FROM MANAGER
    <if test="searchValue != null">
      <where>
          NAME LIKE '%'||#{searchValue}||'%'
      </where>
    </if>
  </select>

  <select id="getManagerById" parameterType="string" resultType="manager">
      SELECT * FROM MANAGER WHERE ID = #{id}
  </select>

  <insert id="addManager" parameterType="manager">
      INSERT INTO MANAGER VALUES(MANAGER_SEQ.NEXTVAL, #{id}, #{name}, #{role}, #{pwd}, #{imgname}, SYSDATE, #{deptno})
  </insert>
</mapper>



