<?xml version="1.0" encoding="UTF-8" ?>
<!DOCTYPE mapper
  PUBLIC "-//mybatis.org//DTD Mapper 3.0//EN"
  "https://mybatis.org/dtd/mybatis-3-mapper.dtd">
<mapper namespace="kr.co.noorigun.notification.NotificationDao">

<!-- 글 등록 -->
  <insert id="addNoti" parameterType="notification">
        INSERT INTO NOTIFICATION VALUES(NOTIFICATION_SEQ.NEXTVAL, #{deptno}, #{type}, #{title}, #{content}, 0, SYSDATE)
  </insert>

<!-- 전체 글 조회 -->
  <select id="getList" resultType="map">
        SELECT * FROM 
        (SELECT n.NUM, d.DNAME, n.TYPE, n.TITLE, n.NDATE, n.HIT, ROW_NUMBER() OVER(ORDER BY NUM DESC) ROW_NUM 
        FROM NOTIFICATION n, DEPT d WHERE n.DEPTNO = d.DEPTNO) 
        WHERE ROW_NUM BETWEEN #{startRow} AND #{endRow}
  </select>

<!-- 전체 공지글 수 -->
  <select id="count" resultType="int">
        SELECT COUNT(*) FROM NOTIFICATION
  </select>

<!-- 특정 공지글 읽기 -->
  <select id="getNotificationByNum" resultType="map" parameterType="int">
        SELECT n.NUM, d.DNAME, n.TYPE, n.TITLE, n.CONTENT, n.HIT, n.NDATE 
        FROM NOTIFICATION n, DEPT d 
        WHERE n.DEPTNO = d.DEPTNO AND n.NUM = #{num}
  </select>

<!-- 특정 글 선택 시 조회수 증가 -->
  <update id ="updateHitByNum" parameterType="int">
        UPDATE NOTIFICATION SET HIT = HIT+1 WHERE NUM = #{num}
  </update>

<!-- 특정 글 삭제 -->
  <delete id="deleteNotificationByNum" parameterType="int">
        DELETE FROM NOTIFICATION WHERE NUM = #{num}
  </delete>

</mapper>