<?xml version="1.0" encoding="UTF-8" ?>
<!DOCTYPE mapper
  PUBLIC "-//mybatis.org//DTD Mapper 3.0//EN"
  "http://mybatis.org/dtd/mybatis-3-mapper.dtd">

<mapper namespace="kr.co.noorigun.suggestion.poll.PollDao">

     <!-- poll_option 데이터 삭제 -->
    <!-- <delete id="deletePollOptionByPollId" parameterType="long">
        DELETE FROM poll_option
        WHERE poll_id IN (
            SELECT id FROM poll WHERE sbnum = #{sbnum}
        )
    </delete> -->

    <!-- poll 데이터 삭제 -->
    <delete id="deletePollByBoardNum" parameterType="long">
        DELETE FROM poll
        WHERE sbnum = #{sbnum}
    </delete>

      <!-- 게시글 번호로 투표 가져오기 -->
    <select id="getPollByPostId" parameterType="long" resultType="pollvo">
        SELECT 
            id, 
            title, 
            allow_multiple AS allowMultiple, 
            anonymous, 
            end_date AS endDate, 
            max_participants AS maxParticipants, 
            sbnum
        FROM poll
        WHERE sbnum = #{sbnum}
    </select>

    <!-- 투표 ID로 옵션 리스트 가져오기 -->
    <select id="getPollOptionsByPollId" parameterType="long" resultType="polloptionvo">
        SELECT 
            id, 
            text, 
            votes, 
            poll_id AS pollId, 
            image_url AS image_url
        FROM poll_option
        WHERE poll_id = #{pollId}
    </select>

</mapper>
