<?xml version="1.0" encoding="UTF-8" ?>
<!DOCTYPE mapper
  PUBLIC "-//mybatis.org//DTD Mapper 3.0//EN"
  "https://mybatis.org/dtd/mybatis-3-mapper.dtd">
<mapper namespace="kr.co.noorigun.program.ProgramDao">
    <!-- 게시글 추가 -->
    <insert id="add" parameterType="program">
        INSERT INTO PROGRAM VALUES (
            PROGRAM_SEQ.NEXTVAL, 
            #{age}, 
            #{category}, 
            #{content}, 
            #{education}, 
            #{enddeadline}, 
            #{endperiod}, 
            #{endtime},  
            0, 
            #{img}, 
            #{latitude}, 
            #{longitude}, 
            SYSDATE, 
            #{place}, 
            #{placename}, 
            #{startdeadline},
            #{startperiod}, 
            #{starttime}, 
            #{student}, 
            #{teacher}, 
            #{title}
        )
    </insert>

    <!-- 게시글 목록 조회 쿼리 -->

    <select id="list" resultType="program">
        SELECT * FROM PROGRAM ORDER BY NUM DESC
    </select>

    <!-- 게시글 상세 조회 -->
    <select id="detail" resultType="program" parameterType="int">
        SELECT * FROM PROGRAM WHERE NUM = #{num}
    </select>


    <!-- 게시글 삭제 -->
    <delete id="delete" parameterType="int">
        DELETE FROM PROGRAM WHERE NUM=#{num}
    </delete>


    <!-- 게시글 수정 -->
    <update id="update" parameterType="program">
        UPDATE PROGRAM 
        SET 
            TITLE = #{title}, 
            AGE = #{age}, 
            CATEGORY = #{category}, 
            PLACE = #{place}, 
            PLACENAME = #{placename}, 
            CONTENT = #{content}, 
            TEACHER = #{teacher}, 
            IMG = #{img}, 
            LATITUDE = #{latitude}, 
            LONGITUDE = #{longitude}, 
            EDUCATION = #{education}, 
            STARTPERIOD = #{startperiod}, 
            ENDPERIOD = #{endperiod}, 
            STARTDEADLINE = #{startdeadline}, 
            ENDDEADLINE = #{enddeadline},
            STARTTIME = #{starttime}, 
            ENDTIME = #{endtime}
        WHERE NUM = #{num}
    </update>

    <!-- 수강생 정보 조회 -->
    <select id="memberlist" parameterType="int" resultType="mem">
        SELECT r.num, m.name, m.id, m.email, m.phone
        FROM MEMBER m
        JOIN REGISTRY r ON m.num = r.MEMBERNUM
        JOIN PROGRAM c ON r.CLASSNUM = c.NUM
        WHERE c.num = #{num}
    </select>
</mapper>