<?xml version="1.0" encoding="UTF-8" ?>
<!DOCTYPE mapper
  PUBLIC "-//mybatis.org//DTD Mapper 3.0//EN"
  "https://mybatis.org/dtd/mybatis-3-mapper.dtd">
<mapper namespace="kr.co.noorigun.promote.PromoteBoardDao">

    <!-- 게시글 추가 -->
    <insert id="add" parameterType="pvo">
        INSERT INTO PROMOTEBOARD
        VALUES (PROMOTEBOARD_SEQ.NEXTVAL, #{content}, 0, #{latitude},#{longitude}, SYSDATE, #{placeaddr},#{placename}, #{title}, #{writer})
    </insert>

    <!-- 이미지 추가 -->
    <insert id="addImg" parameterType="java.util.List">
        <selectKey keyProperty="pbnum" resultType="int" order="BEFORE">
            select PROMOTEBOARD_SEQ.currval from dual
        </selectKey>
        <foreach collection="list" item="image" separator=" " open="insert all" close="select * from dual"> 
            into PB_IMG (pbnum, imgname) values (#{pbnum}, #{image.imgname})
        </foreach>
    </insert>

    <!-- 게시글 목록 조회 쿼리 -->
    <select id="list" resultType="pvo" parameterType="map">
        SELECT * FROM ( 
            SELECT ROW_NUMBER() OVER (ORDER BY b.num DESC) AS row_num, b.* 
            FROM PROMOTEBOARD b
        <if test="searchValue != null">
            <where>
                 b.title LIKE '%' || #{searchValue} || '%'                
            </where>
        </if>
        ) WHERE row_num BETWEEN #{begin} AND #{end} 
        ORDER BY NUM DESC
    </select>

    <select id="counting" resultType="int" parameterType="String">
        SELECT COUNT(*) FROM PROMOTEBOARD
        <if test="searchValue != null">
            <where>
                title LIKE '%' || #{searchValue} || '%'                
            </where>
        </if>
    </select>

    <!-- 게시글 상세 조회 -->
    <select id="detail" resultType="map" parameterType="int">
        SELECT a.*, b.IMGNAME 
        FROM PROMOTEBOARD a, PB_IMG b 
        WHERE a.NUM = b.PBNUM AND a.NUM = #{num}
    </select>

<!-- 게시글 수정 -->
    <update id="update" parameterType="pvo">
        UPDATE PROMOTEBOARD SET TITLE=#{title}, CONTENT=#{content} WHERE NUM=#{num}
    </update>

<!-- 이미지 수정 -->
    <update id="updateImage" parameterType="pbvo">
        UPDATE PB_IMG SET IMGNAME = #{imgname} WHERE PBNUM = #{pbnum}
    </update>

    <!-- 게시글 삭제 -->
    <delete id="delete" parameterType="int">
        DELETE FROM PROMOTEBOARD WHERE NUM=#{num}
    </delete>

    <!-- 이미지 삭제 -->
    <delete id="deleteChild" parameterType="int">
        DELETE FROM PB_IMG WHERE PBNUM = #{num}
    </delete>
    
</mapper>