<?xml version="1.0" encoding="UTF-8" ?>
<!DOCTYPE mapper
  PUBLIC "-//mybatis.org//DTD Mapper 3.0//EN"
  "https://mybatis.org/dtd/mybatis-3-mapper.dtd">

<mapper namespace="kr.co.noorigun.suggestion.ScommDao">

<!-- 댓글 추가 -->
  <insert id="add" parameterType="sco">
   INSERT INTO scomm (num,writer,comments,scdate,sbnum)
   VALUES(ccomm_seq.NEXTVAL,#{writer},#{comments},sysdate,#{sbnum})
  </insert>

<!-- 댓글 전체 조회 -->
  <select id="list" resultType="sco">
        SELECT * FROM SCOMM WHERE sbnum=#{sbnum} ORDER scdate
  </select>

<!-- 댓글 페이징 처리 -->
  <select id="listBySbnum" resultType="sco" parameterType="map">
        SELECT * 
        FROM ( SELECT s.*,ROWNUM AS rn
          FROM(
            SELECT *
            FROM scomm
            WHERE sbnum = #{sbnum}
            ORDER BY scdate DESC
           ) s
           WHERE ROWNUM &lt;= #{endRow}
        ) 
        WHERE rn &gt; #{startRow}
  </select>

<!-- 전체 댓글 수 조회-->
  <select id="countCommentsBySbnum" parameterType="long" resultType="int">
  SELECT COUNT(*)
  FROM scomm
  WHERE sbnum=#{sbnum}
  </select>

<!-- 해당 게시글의 댓글 전체삭제 -->
  <delete id="delete" parameterType="long">
        DELETE FROM SCOMM WHERE sbnum=#{num}
  </delete>

<!-- 해당하는 댓글 삭제 -->
  <delete id="deleteBySbnum" parameterType="long">
        DELETE FROM SCOMM WHERE NUM=#{num}
  </delete>

</mapper>