<?xml version="1.0" encoding="UTF-8" ?>
<!DOCTYPE mapper
  PUBLIC "-//mybatis.org//DTD Mapper 3.0//EN"
  "https://mybatis.org/dtd/mybatis-3-mapper.dtd">

<mapper namespace="kr.co.noorigun.suggestion.SuggestionDao">

<!-- 게시글 전체 목록 -->
    <select id="list" resultType="svo" parameterType="map">
        SELECT * 
        FROM (
            SELECT s.*, ROW_NUMBER() OVER(ORDER BY s.NUM DESC) as ROW_NUM
            FROM SUGGESTION s
        <if test="searchValue != null">
            <where>
            TITLE LIKE '%'||#{searchValue}||'%'
            </where>
        </if>
            )
        WHERE ROW_NUM BETWEEN #{begin} AND #{end}
        ORDER BY NUM DESC
    </select>

<!-- 게시글 전체 수 -->
    <select id="counting" resultType="int" parameterType="String">
        SELECT COUNT(*) FROM SUGGESTION
        <if test="searchValue != null">
            <where>
            TITLE LIKE '%'||#{searchValue}||'%'
            </where>
        </if>
    </select>

<!-- 특정 게시글 조회 -->
    <select id="detail" resultType="svo" parameterType="int">
        SELECT * FROM SUGGESTION WHERE NUM=#{num}
    </select>

<!-- 특정 게시글 삭제(1개) -->
    <delete id="delete" parameterType="int">
        DELETE FROM SUGGESTION WHERE NUM=#{num}
    </delete>

<!-- 특정 게시글 삭제(여러개) -->
    <delete id="deleteSuggestions" parameterType="list">
        DELETE FROM SUGGESTION WHERE NUM IN
        <foreach collection="list" item="id" open="(" close=")" separator=","> #{id} </foreach>
    </delete>

<!-- 게시글 상태 수정 -->
    <update id="updateState" parameterType="map">
        UPDATE SUGGESTION SET STATE = #{state} WHERE NUM = #{num}
    </update>

<!-- 상태별 게시글 수 조회 -->
    <select id="listByState" resultType="map">
        SELECT 
            (SELECT COUNT(*) 
             FROM SUGGESTION
             WHERE state = '등록') AS 미처리,
            (SELECT COUNT(*) 
             FROM SUGGESTION
             WHERE state = '논의 중') AS 처리중,
            (SELECT COUNT(*) 
             FROM SUGGESTION 
             WHERE state = '채택') AS 해결완료
    </select>

</mapper>
